Austria,10838911,26.04.2022,OM BVI
Belgium,10838911,26.04.2022,OM BVI
Bulgaria,10838911,26.04.2022,OM BVI
Cyprus,10838911,26.04.2022,OM BVI
Czech Republic,10838911,26.04.2022,OM BVI
Denmark,10838911,26.04.2022,OM BVI
Estonia,10838911,26.04.2022,OM BVI
Finland,10838911,26.04.2022,OM BVI
France,10838911,26.04.2022,OM BVI
Germany,10838911,26.04.2022,OM BVI
Greece,10838911,26.04.2022,OM BVI
Hungary,10838911,26.04.2022,OM BVI
Iraq,Pending,,Hristo
Ireland,10838911,26.04.2022,OM BVI
Italy,10838911,26.04.2022,OM BVI
Latvia,10838911,26.04.2022,OM BVI
Lithuania,10838911,26.04.2022,OM BVI
Luxembourg,10838911,26.04.2022,OM BVI
Malta,10838911,26.04.2022,OM BVI
Netherlands,10838911,26.04.2022,OM BVI
Poland,10838911,26.04.2022,OM BVI
Portugal,10838911,26.04.2022,OM BVI
Romania ,10838911,26.04.2022,OM BVI
Slovakia,10838911,26.04.2022,OM BVI
Slovenia,10838911,26.04.2022,OM BVI
Spain,10838911,26.04.2022,OM BVI
Sweden,10838911,26.04.2022,OM BVI
United Kingdom (UK),10838911,26.04.2022,OM BVI
